{"cameraMode":{"drawMode":0,"name":"Shaded","section":"Shading Mode"},"sceneLighting":false,"audioPlay":false,"sceneViewState":{"showFog":true,"showMaterialUpdate":false,"showSkybox":true,"showFlares":true,"showImageEffects":true,"showParticleSystems":true},"in2DMode":false,"pivot":{"x":-0.19301572442054749,"y":1.4657714366912842,"z":-9.092089653015137},"rotation":{"x":-0.02837197110056877,"y":0.893873929977417,"z":-0.05720819532871246,"w":-0.4438038468360901},"size":0.8066360354423523,"orthographic":true}