{"cameraMode":{"drawMode":0,"name":"Shaded","section":"Shading Mode"},"sceneLighting":false,"audioPlay":false,"sceneViewState":{"showFog":true,"showMaterialUpdate":false,"showSkybox":true,"showFlares":true,"showImageEffects":true,"showParticleSystems":true},"in2DMode":false,"pivot":{"x":-0.000014513731002807617,"y":0.22567218542099,"z":0.6200000643730164},"rotation":{"x":-0.0826529860496521,"y":0.5808094143867493,"z":0.059475090354681018,"w":0.8076813817024231},"size":0.9383366107940674,"orthographic":true}