{"cameraMode":{"drawMode":0,"name":"Shaded","section":"Shading Mode"},"sceneLighting":true,"audioPlay":false,"sceneViewState":{"showFog":true,"showMaterialUpdate":false,"showSkybox":true,"showFlares":true,"showImageEffects":true,"showParticleSystems":true},"in2DMode":false,"pivot":{"x":-0.000014513731002807617,"y":1.8719698190689088,"z":-8.59999942779541},"rotation":{"x":0.2934785783290863,"y":-0.062202319502830508,"z":0.01906515657901764,"w":0.9537860155105591},"size":12.183833122253418,"orthographic":true}