{"cameraMode":{"drawMode":0,"name":"Shaded","section":"Shading Mode"},"sceneLighting":true,"audioPlay":false,"sceneViewState":{"showFog":true,"showMaterialUpdate":false,"showSkybox":true,"showFlares":true,"showImageEffects":true,"showParticleSystems":true},"in2DMode":false,"pivot":{"x":-0.000014513731002807617,"y":1.8719698190689088,"z":-8.59999942779541},"rotation":{"x":0.15942300856113435,"y":0.06893576681613922,"z":-0.011220071464776993,"w":0.9847713112831116},"size":12.183833122253418,"orthographic":true}