{"cameraMode":{"drawMode":0,"name":"Shaded","section":"Shading Mode"},"sceneLighting":false,"audioPlay":false,"sceneViewState":{"showFog":true,"showMaterialUpdate":false,"showSkybox":true,"showFlares":true,"showImageEffects":true,"showParticleSystems":true},"in2DMode":false,"pivot":{"x":-0.000014513731002807617,"y":0.22567218542099,"z":0.6200000643730164},"rotation":{"x":0.10359764099121094,"y":0.10783050954341889,"z":-0.011301055550575257,"w":0.9887171983718872},"size":0.817142128944397,"orthographic":true}