{"cameraMode":{"drawMode":0,"name":"Shaded","section":"Shading Mode"},"sceneLighting":true,"audioPlay":false,"sceneViewState":{"showFog":true,"showMaterialUpdate":false,"showSkybox":true,"showFlares":true,"showImageEffects":true,"showParticleSystems":true},"in2DMode":false,"pivot":{"x":0.8853840827941895,"y":0.4293447732925415,"z":-6.663816452026367},"rotation":{"x":0.09169661998748779,"y":0.5577415227890015,"z":-0.06214936822652817,"w":0.8226058483123779},"size":11.607708930969239,"orthographic":true}